{
  "scaffold_dir": "agent-scaffolds/humanpref_20250731",
  "run_dir": "agent-scaffolds/humanpref_20250731/runs/eval_20250731_173021",
  "executor_model": "haiku",
  "timestamp": "2025-07-31T17:30:21.464697",
  "mode": "evaluation",
  "num_examples": 50,
  "scores": [
    0.0,
    1.0,
    1.0,
    1.0,
    0.0,
    1.0,
    0.0,
    0.0,
    0.0,
    1.0,
    0.0,
    1.0,
    1.0,
    0.0,
    1.0,
    0.0,
    0.0,
    1.0,
    1.0,
    1.0,
    1.0,
    1.0,
    1.0,
    0.0,
    0.0,
    1.0,
    1.0,
    1.0,
    1.0,
    1.0,
    1.0,
    1.0,
    0.0,
    1.0,
    1.0,
    0.0,
    1.0,
    1.0,
    1.0,
    1.0,
    1.0,
    0.0,
    0.0,
    1.0,
    1.0,
    0.0,
    1.0,
    1.0,
    1.0,
    1.0
  ],
  "mean_score": 0.68,
  "std_score": 0.466476151587624,
  "execution_times": [
    6.4251532554626465,
    6.911713600158691,
    8.5958833694458,
    6.010598182678223,
    7.207933664321899,
    6.541702747344971,
    7.839105844497681,
    4.8668434619903564,
    8.868391752243042,
    6.293466091156006,
    5.51835036277771,
    7.592584609985352,
    8.492915153503418,
    6.662499189376831,
    7.520824670791626,
    7.023370742797852,
    7.378850936889648,
    6.127873659133911,
    14.956132173538208,
    6.22285532951355,
    6.476167917251587,
    3.1209423542022705,
    7.699473857879639,
    8.252323150634766,
    7.529517412185669,
    6.960265159606934,
    7.626503229141235,
    6.128222465515137,
    4.550521612167358,
    7.232169151306152,
    4.910794019699097,
    7.464656352996826,
    7.826371192932129,
    7.426347970962524,
    8.629931688308716,
    6.1012122631073,
    5.380411624908447,
    7.70026421546936,
    6.974381446838379,
    6.942162990570068,
    7.155700206756592,
    6.694171190261841,
    6.370633840560913,
    8.316544532775879,
    7.828427076339722,
    8.482373476028442,
    6.918274402618408,
    6.606288194656372,
    6.3202455043792725,
    6.934572219848633
  ],
  "mean_execution_time": 7.072338390350342,
  "outputs": [
    {
      "example_id": 2471622224,
      "score": 0.0,
      "output": "B",
      "error": null,
      "execution_time": 6.4251532554626465
    },
    {
      "example_id": 3258157361,
      "score": 1.0,
      "output": "A",
      "error": null,
      "execution_time": 6.911713600158691
    },
    {
      "example_id": 2443031308,
      "score": 1.0,
      "output": "A",
      "error": null,
      "execution_time": 8.5958833694458
    },
    {
      "example_id": 530237079,
      "score": 1.0,
      "output": "A",
      "error": null,
      "execution_time": 6.010598182678223
    },
    {
      "example_id": 3559404974,
      "score": 0.0,
      "output": "B",
      "error": null,
      "execution_time": 7.207933664321899
    },
    {
      "example_id": 3159509756,
      "score": 1.0,
      "output": "A",
      "error": null,
      "execution_time": 6.541702747344971
    },
    {
      "example_id": 2659492961,
      "score": 0.0,
      "output": "B",
      "error": null,
      "execution_time": 7.839105844497681
    },
    {
      "example_id": 86063424,
      "score": 0.0,
      "output": "B",
      "error": null,
      "execution_time": 4.8668434619903564
    },
    {
      "example_id": 3549808614,
      "score": 0.0,
      "output": "B",
      "error": null,
      "execution_time": 8.868391752243042
    },
    {
      "example_id": 34549104,
      "score": 1.0,
      "output": "A",
      "error": null,
      "execution_time": 6.293466091156006
    },
    {
      "example_id": 3307179029,
      "score": 0.0,
      "output": "B",
      "error": null,
      "execution_time": 5.51835036277771
    },
    {
      "example_id": 902224767,
      "score": 1.0,
      "output": "A",
      "error": null,
      "execution_time": 7.592584609985352
    },
    {
      "example_id": 3682119430,
      "score": 1.0,
      "output": "B",
      "error": null,
      "execution_time": 8.492915153503418
    },
    {
      "example_id": 3182293348,
      "score": 0.0,
      "output": "B",
      "error": null,
      "execution_time": 6.662499189376831
    },
    {
      "example_id": 3183193252,
      "score": 1.0,
      "output": "A",
      "error": null,
      "execution_time": 7.520824670791626
    },
    {
      "example_id": 876645684,
      "score": 0.0,
      "output": "B",
      "error": null,
      "execution_time": 7.023370742797852
    },
    {
      "example_id": 1881481673,
      "score": 0.0,
      "output": "A",
      "error": null,
      "execution_time": 7.378850936889648
    },
    {
      "example_id": 1131468117,
      "score": 1.0,
      "output": "A",
      "error": null,
      "execution_time": 6.127873659133911
    },
    {
      "example_id": 2016378424,
      "score": 1.0,
      "output": "A",
      "error": null,
      "execution_time": 14.956132173538208
    },
    {
      "example_id": 942452758,
      "score": 1.0,
      "output": "A",
      "error": null,
      "execution_time": 6.22285532951355
    },
    {
      "example_id": 1704082472,
      "score": 1.0,
      "output": "A",
      "error": null,
      "execution_time": 6.476167917251587
    },
    {
      "example_id": 1509459483,
      "score": 1.0,
      "output": "A",
      "error": null,
      "execution_time": 3.1209423542022705
    },
    {
      "example_id": 1409033412,
      "score": 1.0,
      "output": "A",
      "error": null,
      "execution_time": 7.699473857879639
    },
    {
      "example_id": 3434518611,
      "score": 0.0,
      "output": "B",
      "error": null,
      "execution_time": 8.252323150634766
    },
    {
      "example_id": 872659329,
      "score": 0.0,
      "output": "A",
      "error": null,
      "execution_time": 7.529517412185669
    },
    {
      "example_id": 1655491955,
      "score": 1.0,
      "output": "B",
      "error": null,
      "execution_time": 6.960265159606934
    },
    {
      "example_id": 3250329751,
      "score": 1.0,
      "output": "A",
      "error": null,
      "execution_time": 7.626503229141235
    },
    {
      "example_id": 3592042776,
      "score": 1.0,
      "output": "A",
      "error": null,
      "execution_time": 6.128222465515137
    },
    {
      "example_id": 1207050933,
      "score": 1.0,
      "output": "B",
      "error": null,
      "execution_time": 4.550521612167358
    },
    {
      "example_id": 2153486828,
      "score": 1.0,
      "output": "B",
      "error": null,
      "execution_time": 7.232169151306152
    },
    {
      "example_id": 2642011920,
      "score": 1.0,
      "output": "A",
      "error": null,
      "execution_time": 4.910794019699097
    },
    {
      "example_id": 3349445537,
      "score": 1.0,
      "output": "A",
      "error": null,
      "execution_time": 7.464656352996826
    },
    {
      "example_id": 2497098870,
      "score": 0.0,
      "output": "A",
      "error": null,
      "execution_time": 7.826371192932129
    },
    {
      "example_id": 2931224210,
      "score": 1.0,
      "output": "B",
      "error": null,
      "execution_time": 7.426347970962524
    },
    {
      "example_id": 827522164,
      "score": 1.0,
      "output": "A",
      "error": null,
      "execution_time": 8.629931688308716
    },
    {
      "example_id": 1891807875,
      "score": 0.0,
      "output": "B",
      "error": null,
      "execution_time": 6.1012122631073
    },
    {
      "example_id": 1955413169,
      "score": 1.0,
      "output": "B",
      "error": null,
      "execution_time": 5.380411624908447
    },
    {
      "example_id": 3456274869,
      "score": 1.0,
      "output": "A",
      "error": null,
      "execution_time": 7.70026421546936
    },
    {
      "example_id": 2942464146,
      "score": 1.0,
      "output": "A",
      "error": null,
      "execution_time": 6.974381446838379
    },
    {
      "example_id": 3618668450,
      "score": 1.0,
      "output": "B",
      "error": null,
      "execution_time": 6.942162990570068
    },
    {
      "example_id": 1137746190,