{
  "mean_score": 0.31005291005291,
  "std_score": 0.2572459813812991,
  "scores": [
    0.11351351351351352,
    0.7837837837837838,
    0.38095238095238093,
    0.1693121693121693,
    0.10270270270270271
  ],
  "execution_times": [
    206.9220917224884,
    68.57767510414124,
    41.03359293937683,
    146.7299690246582,
    182.92124009132385
  ]
}