{
  "5-1-2-0": {
    "mean_score": 0.7995879664997312,
    "scores": [
      0.8288770053475936,
      0.8148148148148148,
      0.8465608465608465,
      0.7215909090909091,
      0.786096256684492
    ]
  },
  "1-6": {
    "mean_score": 0.7839020456667515,
    "scores": [
      0.7700534759358288,
      0.8201058201058201,
      0.8306878306878307,
      0.75,
      0.7486631016042781
    ]
  },
  "5-1-1": {
    "mean_score": 0.7758159324335795,
    "scores": [
      0.7219251336898396,
      0.8306878306878307,
      0.7566137566137566,
      0.8693181818181818,
      0.7005347593582888
    ]
  },
  "5-1-2-1": {
    "mean_score": 0.7719060351413292,
    "scores": [
      0.732620320855615,
      0.8518518518518519,
      0.7195767195767195,
      0.8068181818181818,
      0.7486631016042781
    ]
  },
  "5-1-1-0": {
    "mean_score": 0.7714154853860736,
    "scores": [
      0.7112299465240641,
      0.7566137566137566,
      0.8253968253968254,
      0.8579545454545454,
      0.7058823529411765
    ]
  },
  "5-1-2": {
    "mean_score": 0.7654549698667344,
    "scores": [
      0.786096256684492,
      0.7407407407407407,
      0.8465608465608465,
      0.7159090909090909,
      0.7379679144385026
    ]
  },
  "5-1-1-4": {
    "mean_score": 0.764317545199898,
    "scores": [
      0.7005347593582888,
      0.8253968253968254,
      0.7936507936507936,
      0.8068181818181818,
      0.6951871657754011
    ]
  },
  "5-1-2-0-0-0": {
    "mean_score": 0.755864315423139,
    "scores": [
      0.732620320855615,
      0.7671957671957672,
      0.7724867724867724,
      0.8011363636363636,
      0.7058823529411765
    ]
  },
  "5-1-2-0-0": {
    "mean_score": 0.7484908609908609,
    "scores": [
      0.7647058823529411,
      0.8042328042328042,
      0.6825396825396826,
      0.8011363636363636,
      0.6898395721925134
    ]
  },
  "5-1-2-1-1": {
    "mean_score": 0.7465410406586878,
    "scores": [
      0.7540106951871658,
      0.7301587301587301,
      0.7619047619047619,
      0.8181818181818182,
      0.6684491978609626
    ]
  },
  "13": {
    "mean_score": 0.7214084118495883,
    "scores": [
      0.6577540106951871,
      0.746031746031746,
      0.7142857142857143,
      0.8579545454545454,
      0.6310160427807486
    ]
  },
  "1-6-1": {
    "mean_score": 0.7213033698327816,
    "scores": [
      0.6684491978609626,
      0.7777777777777778,
      0.8253968253968254,
      0.7840909090909091,
      0.5508021390374331
    ]
  },
  "12-0-3-1": {
    "mean_score": 0.6887346857935093,
    "scores": [
      0.732620320855615,
      0.656084656084656,
      0.7354497354497355,
      0.7045454545454546,
      0.6149732620320856
    ]
  },
  "1": {
    "mean_score": 0.6727792632204397,
    "scores": [
      0.7219251336898396,
      0.7513227513227513,
      0.6931216931216931,
      0.6306818181818182,
      0.5668449197860963
    ]
  },
  "12-0-3": {
    "mean_score": 0.6716234473587415,
    "scores": [
      0.6256684491978609,
      0.671957671957672,
      0.6878306878306878,
      0.6988636363636364,
      0.6737967914438503
    ]
  },
  "12-0-3-1-0": {
    "mean_score": 0.6707236935178111,
    "scores": [
      0.6042780748663101,
      0.6243386243386243,
      0.656084656084656,
      0.7897727272727273,
      0.679144385026738
    ]
  },
  "13-4": {
    "mean_score": 0.6609530175706647,
    "scores": [
      0.6737967914438503,
      0.671957671957672,
      0.6137566137566137,
      0.7784090909090909,
      0.5668449197860963
    ]
  },
  "8-0": {
    "mean_score": 0.6487303002008884,
    "scores": [
      0.7807486631016043,
      0.8201058201058201,
      0.8359788359788359,
      0.8068181818181818,
      0.0
    ]
  },
  "8-2-0": {
    "mean_score": 0.6360198624904507,
    "scores": [
      0.6631016042780749,
      0.6084656084656085,
      0.6772486772486772,
      0.6590909090909091,
      0.5721925133689839
    ]
  },
  "5-1-1-2": {
    "mean_score": 0.629814248931896,
    "scores": [
      0.7593582887700535,
      0.8412698412698413,
      0.783068783068783,
      0.10227272727272728,
      0.6631016042780749
    ]
  },
  "8-3": {
    "mean_score": 0.6270955351837705,
    "scores": [
      0.5614973262032086,
      0.6402116402116402,
      0.6613756613756614,
      0.6306818181818182,
      0.6417112299465241
    ]
  },
  "5-1-1-0-3": {
    "mean_score": 0.6205411962764904,
    "scores": [
      0.7593582887700535,
      0.0,
      0.7407407407407407,
      0.8806818181818182,
      0.7219251336898396
    ]
  },
  "8-2-0-2": {
    "mean_score": 0.6180272614096143,
    "scores": [
      0.5828877005347594,
      0.6349206349206349,
      0.656084656084656,
      0.6761363636363636,
      0.5401069518716578
    ]
  },
  "5-1": {
    "mean_score": 0.6152317997906234,
    "scores": [
      0.8021390374331551,
      0.7777777777777778,
      0.8201058201058201,
      0.6761363636363636,
      0.0
    ]
  },
  "13-4-0": {
    "mean_score": 0.5900832555244321,
    "scores": [
      0.6149732620320856,
      0.5396825396825397,
      0.5026455026455027,
      0.7102272727272727,
      0.5828877005347594
    ]
  },
  "12": {
    "mean_score": 0.5852198455139631,
    "scores": [
      0.5614973262032086,
      0.5396825396825397,
      0.6825396825396826,
      0.6022727272727273,
      0.5401069518716578
    ]
  },
  "1-5": {
    "mean_score": 0.570407152760094,
    "scores": [
      0.6524064171122995,
      0.4444444444444444,
      0.6402116402116402,
      0.5909090909090909,
      0.5240641711229946
    ]
  },
  "12-0": {
    "mean_score": 0.5687010157598393,
    "scores": [
      0.5828877005347594,
      0.5079365079365079,
      0.6243386243386243,
      0.6363636363636364,
      0.4919786096256685
    ]
  },
  "6-1": {
    "mean_score": 0.5614683247036188,
    "scores": [
      0.48128342245989303,
      0.5396825396825397,
      0.6613756613756614,
      0.6704545454545454,
      0.45454545454545453
    ]
  },
  "11": {
    "mean_score": 0.546178521913816,
    "scores": [
      0.48663101604278075,
      0.4126984126984127,
      0.5925925925925926,
      0.6079545454545454,
      0.6310160427807486
    ]
  },
  "8": {
    "mean_score": 0.541374883286648,
    "scores": [
      0.5347593582887701,
      0.4497354497354497,
      0.6137566137566137,
      0.5738636363636364,
      0.5347593582887701
    ]
  },
  "8-2": {
    "mean_score": 0.5395032255326373,
    "scores": [
      0.5187165775401069,
      0.41798941798941797,
      0.6455026455026455,
      0.6875,
      0.42780748663101603
    ]
  },
  "12-4": {
    "mean_score": 0.5385437003084063,
    "scores": [
      0.5240641711229946,
      0.5185185185185185,
      0.5873015873015873,
      0.6136363636363636,
      0.44919786096256686
    ]
  },
  "5-1-2-2": {
    "mean_score": 0.5383442265795206,
    "scores": [
      0.5508021390374331,
      0.5396825396825397,
      0.5343915343915344,
      0.5909090909090909,
      0.47593582887700536
    ]
  },
  "12-3": {
    "mean_score": 0.524609187109187,
    "scores": [
      0.5026737967914439,
      0.4444444444444444,
      0.582010582010582,
      0.5965909090909091,
      0.49732620320855614
    ]
  },
  "5": {
    "mean_score": 0.5140445066915655,
    "scores": [
      0.45989304812834225,
      0.455026455026455,
      0.6666666666666666,
      0.5340909090909091,
      0.45454545454545453
    ]
  },
  "6": {
    "mean_score": 0.5123539314715785,
    "scores": [
      0.47593582887700536,
      0.5079365079365079,
      0.5291005291005291,
      0.5568181818181818,
      0.4919786096256685
    ]
  },
  "6-0": {
    "mean_score": 0.49997630365277423,
    "scores": [
      0.4117647058823529,
      0.47619047619047616,
      0.5661375661375662,
      0.5965909090909091,
      0.44919786096256686
    ]
  },
  "13-6": {
    "mean_score": 0.4945201312848372,
    "scores": [
      0.5561497326203209,
      0.0,
      0.6243386243386243,
      0.6931818181818182,
      0.5989304812834224
    ]
  },