{
  "train": {
    "5-1-2-0": {
      "mean_score": 0.6885245901639344,
      "scores": [
        0.6885245901639344
      ]
    },
    "1-6": {
      "mean_score": 0.6994535519125683,
      "scores": [
        0.6994535519125683
      ]
    },
    "5-1-1": {
      "mean_score": 0.7700534759358288,
      "scores": [
        0.7700534759358288
      ]
    },
    "5-1-2-1": {
      "mean_score": 0.656084656084656,
      "scores": [
        0.656084656084656
      ]
    },
    "5-1-1-0": {
      "mean_score": 0.7754010695187166,
      "scores": [
        0.7754010695187166
      ]
    },
    "5-1-2": {
      "mean_score": 0.7868852459016393,
      "scores": [
        0.7868852459016393
      ]
    },
    "5-1-2-0-0-0": {
      "mean_score": 0.7379679144385026,
      "scores": [
        0.7379679144385026
      ]
    },
    "5-1-2-0-0": {
      "mean_score": 0.7759562841530054,
      "scores": [
        0.7759562841530054
      ]
    },
    "13": {
      "mean_score": 0.8095238095238095,
      "scores": [
        0.8095238095238095
      ]
    },
    "12-0-3-1": {
      "mean_score": 0.671957671957672,
      "scores": [
        0.671957671957672
      ]
    }
  },
  "valid": {
    "5-1-1-3": {
      "mean_score": 0.0,
      "scores": [
        0.0,
        0.0,
        0.0,
        0.0,
        0.0
      ]
    },
    "1-6-0": {
      "mean_score": 0.0,
      "scores": [
        0.0,
        0.0,
        0.0,
        0.0,
        0.0
      ]
    },
    "5-1-2-0-1": {
      "mean_score": 0.0,
      "scores": [
        0.0,
        0.0,
        0.0,
        0.0,
        0.0
      ]
    },
    "13-7": {
      "mean_score": 0.0,
      "scores": [
        0.0,
        0.0,
        0.0,
        0.0,
        0.0
      ]
    },
    "1-7": {
      "mean_score": 0.08678628016863311,
      "scores": [
        0.08021390374331551,
        0.021164021164021163,
        0.0,
        0.10795454545454546,
        0.22459893048128343
      ]
    },
    "5-1-2-2": {
      "mean_score": 0.5383442265795206,
      "scores": [
        0.5508021390374331,
        0.5396825396825397,
        0.5343915343915344,
        0.5909090909090909,
        0.47593582887700536
      ]
    },
    "5-1-2-1-0": {
      "mean_score": 0.09769933225815577,
      "scores": [
        0.15508021390374332,
        0.0,
        0.1693121693121693,
        0.1534090909090909,
        0.0106951871657754
      ]
    },
    "5-1-2-0-0-0": {
      "mean_score": 0.755864315423139,
      "scores": [
        0.732620320855615,
        0.7671957671957672,
        0.7724867724867724,
        0.8011363636363636,
        0.7058823529411765
      ]
    },
    "12-0-3-1-0": {
      "mean_score": 0.6707236935178111,
      "scores": [
        0.6042780748663101,
        0.6243386243386243,
        0.656084656084656,
        0.7897727272727273,
        0.679144385026738
      ]
    },
    "5-1-1-0-2": {
      "mean_score": 0.318783422459893,
      "scores": [
        0.0,
        0.0,
        0.0,
        0.8238636363636364,
        0.7700534759358288
      ]
    }
  }
}