{
  "train": {
    "13": {
      "mean_score": 0.6042780748663101,
      "scores": [
        0.6042780748663101
      ]
    },
    "1": {
      "mean_score": 0.4644808743169399,
      "scores": [
        0.4644808743169399
      ]
    },
    "8-0": {
      "mean_score": 0.0,
      "scores": [
        0.0
      ]
    },
    "12": {
      "mean_score": 0.6524064171122995,
      "scores": [
        0.6524064171122995
      ]
    },
    "12-0": {
      "mean_score": 0.4540540540540541,
      "scores": [
        0.4540540540540541
      ]
    },
    "11": {
      "mean_score": 0.5081081081081081,
      "scores": [
        0.5081081081081081
      ]
    },
    "8": {
      "mean_score": 0.5409836065573771,
      "scores": [
        0.5409836065573771
      ]
    },
    "5": {
      "mean_score": 0.4860335195530726,
      "scores": [
        0.4860335195530726
      ]
    },
    "6": {
      "mean_score": 0.6329787234042553,
      "scores": [
        0.6329787234042553
      ]
    },
    "6-0": {
      "mean_score": 0.708994708994709,
      "scores": [
        0.708994708994709
      ]
    }
  },
  "valid": {
    "5-0": {
      "mean_score": 0.1527763630704807,
      "scores": [
        0.17647058823529413,
        0.10052910052910052,
        0.164021164021164,
        0.2159090909090909,
        0.10695187165775401
      ]
    },
    "11-0": {
      "mean_score": 0.0,
      "scores": [
        0.0,
        0.0,
        0.0,
        0.0,
        0.0
      ]
    },
    "10-0": {
      "mean_score": 0.0,
      "scores": [
        0.0,
        0.0,
        0.0,
        0.0,
        0.0
      ]
    },
    "13-0": {
      "mean_score": 0.0,
      "scores": [
        0.0,
        0.0,
        0.0,
        0.0,
        0.0
      ]
    },
    "4-0": {
      "mean_score": 0.044883711060181644,
      "scores": [
        0.10695187165775401,
        0.026455026455026454,
        0.05291005291005291,
        0.011363636363636364,
        0.026737967914438502
      ]
    },
    "8-0": {
      "mean_score": 0.6487303002008884,
      "scores": [
        0.7807486631016043,
        0.8201058201058201,
        0.8359788359788359,
        0.8068181818181818,
        0.0
      ]
    },
    "6-0": {
      "mean_score": 0.49997630365277423,
      "scores": [
        0.4117647058823529,
        0.47619047619047616,
        0.5661375661375662,
        0.5965909090909091,
        0.44919786096256686
      ]
    },
    "1-0": {
      "mean_score": 0.0,
      "scores": [
        0.0,
        0.0,
        0.0,
        0.0,
        0.0
      ]
    },
    "0-0": {
      "mean_score": 0.0010695187165775401,
      "scores": [
        0.0,
        0.0,
        0.0,
        0.0,
        0.0053475935828877
      ]
    },
    "12-0": {
      "mean_score": 0.5687010157598393,
      "scores": [
        0.5828877005347594,
        0.5079365079365079,
        0.6243386243386243,
        0.6363636363636364,
        0.4919786096256685
      ]
    }
  }
}