{
  "train": {
    "5-1-2-0": {
      "mean_score": 0.8118279569892473,
      "scores": [
        0.8118279569892473
      ]
    },
    "5-1-1": {
      "mean_score": 0.8994708994708994,
      "scores": [
        0.8994708994708994
      ]
    },
    "5-1-1-0": {
      "mean_score": 0.7351351351351352,
      "scores": [
        0.7351351351351352
      ]
    },
    "5-1-2": {
      "mean_score": 0.9157894736842105,
      "scores": [
        0.9157894736842105
      ]
    },
    "13": {
      "mean_score": 0.7431693989071039,
      "scores": [
        0.7431693989071039
      ]
    },
    "1": {
      "mean_score": 0.7923497267759563,
      "scores": [
        0.7923497267759563
      ]
    },
    "12-0-3": {
      "mean_score": 0.5792349726775956,
      "scores": [
        0.5792349726775956
      ]
    },
    "13-4": {
      "mean_score": 0.7807486631016043,
      "scores": [
        0.7807486631016043
      ]
    },
    "8-0": {
      "mean_score": 0.0,
      "scores": [
        0.0
      ]
    },
    "8-2-0": {
      "mean_score": 0.6349206349206349,
      "scores": [
        0.6349206349206349
      ]
    }
  },
  "valid": {
    "5-1-2-0": {
      "mean_score": 0.7995879664997312,
      "scores": [
        0.8288770053475936,
        0.8148148148148148,
        0.8465608465608465,
        0.7215909090909091,
        0.786096256684492
      ]
    },
    "13-4-0": {
      "mean_score": 0.5900832555244321,
      "scores": [
        0.6149732620320856,
        0.5396825396825397,
        0.5026455026455027,
        0.7102272727272727,
        0.5828877005347594
      ]
    },
    "8-3-1": {
      "mean_score": 0.0,
      "scores": [
        0.0,
        0.0,
        0.0,
        0.0,
        0.0
      ]
    },
    "12-0-3-0": {
      "mean_score": 0.0,
      "scores": [
        0.0,
        0.0,
        0.0,
        0.0,
        0.0
      ]
    },
    "8-2-0-1": {
      "mean_score": 0.0,
      "scores": [
        0.0,
        0.0,
        0.0,
        0.0,
        0.0
      ]
    },
    "1-5": {
      "mean_score": 0.570407152760094,
      "scores": [
        0.6524064171122995,
        0.4444444444444444,
        0.6402116402116402,
        0.5909090909090909,
        0.5240641711229946
      ]
    },
    "8-0-4": {
      "mean_score": 0.0,
      "scores": [
        0.0,
        0.0,
        0.0,
        0.0,
        0.0
      ]
    },
    "5-1-1-1": {
      "mean_score": 0.0,
      "scores": [
        0.0,
        0.0,
        0.0,
        0.0,
        0.0
      ]
    },
    "13-5": {
      "mean_score": 0.0,
      "scores": [
        0.0,
        0.0,
        0.0,
        0.0,
        0.0
      ]
    },
    "5-1-1-0-0": {
      "mean_score": 0.0,
      "scores": [
        0.0,
        0.0,
        0.0,
        0.0,
        0.0
      ]
    }
  }
}