{
  "train": {
    "5-1-2-0": {
      "mean_score": 0.9234972677595629,
      "scores": [
        0.9234972677595629
      ]
    },
    "1-6": {
      "mean_score": 0.819672131147541,
      "scores": [
        0.819672131147541
      ]
    },
    "5-1-1": {
      "mean_score": 0.7486631016042781,
      "scores": [
        0.7486631016042781
      ]
    },
    "5-1-2-1": {
      "mean_score": 0.7027027027027027,
      "scores": [
        0.7027027027027027
      ]
    },
    "5-1-1-0": {
      "mean_score": 0.7486631016042781,
      "scores": [
        0.7486631016042781
      ]
    },
    "5-1-2": {
      "mean_score": 0.772972972972973,
      "scores": [
        0.772972972972973
      ]
    },
    "5-1-1-4": {
      "mean_score": 0.8,
      "scores": [
        0.8
      ]
    },
    "5-1-2-0-0-0": {
      "mean_score": 0.7486631016042781,
      "scores": [
        0.7486631016042781
      ]
    },
    "5-1-2-0-0": {
      "mean_score": 0.7112299465240641,
      "scores": [
        0.7112299465240641
      ]
    },
    "5-1-2-1-1": {
      "mean_score": 0.8502673796791443,
      "scores": [
        0.8502673796791443
      ]
    }
  },
  "valid": {
    "5-1-2-3": {
      "mean_score": 0.0,
      "scores": [
        0.0,
        0.0,
        0.0,
        0.0,
        0.0
      ]
    },
    "5-1-2-1-1": {
      "mean_score": 0.7465410406586878,
      "scores": [
        0.7540106951871658,
        0.7301587301587301,
        0.7619047619047619,
        0.8181818181818182,
        0.6684491978609626
      ]
    },
    "13-8": {
      "mean_score": 0.13295454545454546,
      "scores": [
        0.0,
        0.0,
        0.0,
        0.6647727272727273,
        0.0
      ]
    },
    "5-1-1-4": {
      "mean_score": 0.764317545199898,
      "scores": [
        0.7005347593582888,
        0.8253968253968254,
        0.7936507936507936,
        0.8068181818181818,
        0.6951871657754011
      ]
    },
    "12-0-3-1-1": {
      "mean_score": 0.49339367059955286,
      "scores": [
        0.46524064171123,
        0.4973544973544973,
        0.4973544973544973,
        0.5738636363636364,
        0.43315508021390375
      ]
    },
    "1-6-1": {
      "mean_score": 0.7213033698327816,
      "scores": [
        0.6684491978609626,
        0.7777777777777778,
        0.8253968253968254,
        0.7840909090909091,
        0.5508021390374331
      ]
    },
    "5-1-2-0-0-0-0": {
      "mean_score": 0.0,
      "scores": [
        0.0,
        0.0,
        0.0,
        0.0,
        0.0
      ]
    },
    "5-1-1-0-3": {
      "mean_score": 0.6205411962764904,
      "scores": [
        0.7593582887700535,
        0.0,
        0.7407407407407407,
        0.8806818181818182,
        0.7219251336898396
      ]
    },
    "5-1-2-0-0-1": {
      "mean_score": 0.04786697507285743,
      "scores": [
        0.06417112299465241,
        0.042328042328042326,
        0.1111111111111111,
        0.005681818181818182,
        0.016042780748663103
      ]
    },
    "5-1-2-0-2": {
      "mean_score": 0.0,
      "scores": [
        0.0,
        0.0,
        0.0,
        0.0,
        0.0
      ]
    }
  }
}