{
  "mean_score": 0.05884169884169884,
  "std_score": 0.07211611083287896,
  "scores": [
    0.0,
    0.15135135135135136,
    0.14285714285714285,
    0.0,
    0.0
  ],
  "execution_times": [
    44.7600474357605,
    57.21171164512634,
    55.497636556625366,
    52.52210021018982,
    52.869197845458984
  ]
}