{
  "scaffold_dir": "agent-scaffolds/humanpref_20250731",
  "run_dir": "agent-scaffolds/humanpref_20250731/runs/eval_20250731_173653",
  "executor_model": "haiku",
  "timestamp": "2025-07-31T17:36:53.388507",
  "mode": "evaluation",
  "num_examples": 50,
  "scores": [
    0.0,
    1.0,
    1.0,
    1.0,
    0.0,
    1.0,
    0.0,
    0.0,
    0.0,
    1.0,
    0.0,
    1.0,
    1.0,
    0.0,
    1.0,
    0.0,
    0.0,
    1.0,
    1.0,
    1.0,
    1.0,
    1.0,
    1.0,
    0.0,
    1.0,
    1.0,
    1.0,
    1.0,
    1.0,
    1.0,
    1.0,
    1.0,
    0.0,
    0.0,
    1.0,
    0.0,
    1.0,
    0.0,
    1.0,
    1.0,
    1.0,
    0.0,
    0.0,
    1.0,
    1.0,
    0.0,
    0.0,
    1.0,
    1.0,
    1.0
  ],
  "mean_score": 0.64,
  "std_score": 0.48,
  "execution_times": [
    6.426940679550171,
    7.4671950340271,
    8.284840822219849,
    6.71707820892334,
    7.113584995269775,
    6.637295961380005,
    7.523357152938843,
    7.02397894859314,
    8.196379899978638,
    7.39690089225769,
    5.873177766799927,
    7.038743257522583,
    7.599709510803223,
    6.845914125442505,
    7.941573143005371,
    5.939807176589966,
    9.087696552276611,
    8.361027479171753,
    8.835349082946777,
    6.915353775024414,
    6.484410762786865,
    6.885741949081421,
    6.720534563064575,
    7.33855414390564,
    7.614897966384888,
    8.160178422927856,
    6.890110969543457,
    6.4688193798065186,
    5.730223655700684,
    6.733834266662598,
    5.883771181106567,
    8.409868955612183,
    7.381826639175415,
    7.79360032081604,
    7.682998180389404,
    5.912838459014893,
    6.144538164138794,
    7.914284944534302,
    6.436691999435425,
    7.0520179271698,
    7.413269281387329,
    5.931142091751099,
    6.68520975112915,
    7.038349151611328,
    6.760836601257324,
    9.101625442504883,
    6.622707843780518,
    7.4754719734191895,
    7.164028882980347,
    6.826554536819458
  ],
  "mean_execution_time": 7.157696857452392,
  "outputs": [
    {
      "example_id": 2471622224,
      "score": 0.0,
      "output": "B",
      "error": null,
      "execution_time": 6.426940679550171
    },
    {
      "example_id": 3258157361,
      "score": 1.0,
      "output": "A",
      "error": null,
      "execution_time": 7.4671950340271
    },
    {
      "example_id": 2443031308,
      "score": 1.0,
      "output": "A",
      "error": null,
      "execution_time": 8.284840822219849
    },
    {
      "example_id": 530237079,
      "score": 1.0,
      "output": "A",
      "error": null,
      "execution_time": 6.71707820892334
    },
    {
      "example_id": 3559404974,
      "score": 0.0,
      "output": "B",
      "error": null,
      "execution_time": 7.113584995269775
    },
    {
      "example_id": 3159509756,
      "score": 1.0,
      "output": "A",
      "error": null,
      "execution_time": 6.637295961380005
    },
    {
      "example_id": 2659492961,
      "score": 0.0,
      "output": "B",
      "error": null,
      "execution_time": 7.523357152938843
    },
    {
      "example_id": 86063424,
      "score": 0.0,
      "output": "B",
      "error": null,
      "execution_time": 7.02397894859314
    },
    {
      "example_id": 3549808614,
      "score": 0.0,
      "output": "B",
      "error": null,
      "execution_time": 8.196379899978638
    },
    {
      "example_id": 34549104,
      "score": 1.0,
      "output": "A",
      "error": null,
      "execution_time": 7.39690089225769
    },
    {
      "example_id": 3307179029,
      "score": 0.0,
      "output": "B",
      "error": null,
      "execution_time": 5.873177766799927
    },
    {
      "example_id": 902224767,
      "score": 1.0,
      "output": "A",
      "error": null,
      "execution_time": 7.038743257522583
    },
    {
      "example_id": 3682119430,
      "score": 1.0,
      "output": "B",
      "error": null,
      "execution_time": 7.599709510803223
    },
    {
      "example_id": 3182293348,
      "score": 0.0,
      "output": "B",
      "error": null,
      "execution_time": 6.845914125442505
    },
    {
      "example_id": 3183193252,
      "score": 1.0,
      "output": "A",
      "error": null,
      "execution_time": 7.941573143005371
    },
    {
      "example_id": 876645684,
      "score": 0.0,
      "output": "B",
      "error": null,
      "execution_time": 5.939807176589966
    },
    {
      "example_id": 1881481673,
      "score": 0.0,
      "output": "A",
      "error": null,
      "execution_time": 9.087696552276611
    },
    {
      "example_id": 1131468117,
      "score": 1.0,
      "output": "A",
      "error": null,
      "execution_time": 8.361027479171753
    },
    {
      "example_id": 2016378424,
      "score": 1.0,
      "output": "A",
      "error": null,
      "execution_time": 8.835349082946777
    },
    {
      "example_id": 942452758,
      "score": 1.0,
      "output": "A",
      "error": null,
      "execution_time": 6.915353775024414
    },
    {
      "example_id": 1704082472,
      "score": 1.0,
      "output": "A",
      "error": null,
      "execution_time": 6.484410762786865
    },
    {
      "example_id": 1509459483,
      "score": 1.0,
      "output": "A",
      "error": null,
      "execution_time": 6.885741949081421
    },
    {
      "example_id": 1409033412,
      "score": 1.0,
      "output": "A",
      "error": null,
      "execution_time": 6.720534563064575
    },
    {
      "example_id": 3434518611,
      "score": 0.0,
      "output": "B",
      "error": null,
      "execution_time": 7.33855414390564
    },
    {
      "example_id": 872659329,
      "score": 1.0,
      "output": "B",
      "error": null,
      "execution_time": 7.614897966384888
    },
    {
      "example_id": 1655491955,
      "score": 1.0,
      "output": "B",
      "error": null,
      "execution_time": 8.160178422927856
    },
    {
      "example_id": 3250329751,
      "score": 1.0,
      "output": "A",
      "error": null,
      "execution_time": 6.890110969543457
    },
    {
      "example_id": 3592042776,
      "score": 1.0,
      "output": "A",
      "error": null,
      "execution_time": 6.4688193798065186
    },
    {
      "example_id": 1207050933,
      "score": 1.0,
      "output": "B",
      "error": null,
      "execution_time": 5.730223655700684
    },
    {
      "example_id": 2153486828,
      "score": 1.0,
      "output": "B",
      "error": null,
      "execution_time": 6.733834266662598
    },
    {
      "example_id": 2642011920,
      "score": 1.0,
      "output": "A",
      "error": null,
      "execution_time": 5.883771181106567
    },
    {
      "example_id": 3349445537,
      "score": 1.0,
      "output": "A",
      "error": null,
      "execution_time": 8.409868955612183
    },
    {
      "example_id": 2497098870,
      "score": 0.0,
      "output": "A",
      "error": null,
      "execution_time": 7.381826639175415
    },
    {
      "example_id": 2931224210,
      "score": 0.0,
      "output": "A",
      "error": null,
      "execution_time": 7.79360032081604
    },
    {
      "example_id": 827522164,
      "score": 1.0,
      "output": "A",
      "error": null,
      "execution_time": 7.682998180389404
    },
    {
      "example_id": 1891807875,
      "score": 0.0,
      "output": "B",
      "error": null,
      "execution_time": 5.912838459014893
    },
    {
      "example_id": 1955413169,
      "score": 1.0,
      "output": "B",
      "error": null,
      "execution_time": 6.144538164138794
    },
    {
      "example_id": 3456274869,
      "score": 0.0,
      "output": "B",
      "error": null,
      "execution_time": 7.914284944534302
    },
    {
      "example_id": 2942464146,
      "score": 1.0,
      "output": "A",
      "error": null,
      "execution_time": 6.436691999435425
    },
    {
      "example_id": 3618668450,
      "score": 1.0,
      "output": "B",
      "error": null,
      "execution_time": 7.0520179271698
    },
    {
      "example_id": 1137746190,
      "score": 1.0,