{
  "train": {
    "13": {
      "mean_score": 0.7473684210526316,
      "scores": [
        0.7473684210526316
      ]
    },
    "1": {
      "mean_score": 0.6282722513089005,
      "scores": [
        0.6282722513089005
      ]
    },
    "8-0": {
      "mean_score": 0.0,
      "scores": [
        0.0
      ]
    },
    "5-1": {
      "mean_score": 0.7647058823529411,
      "scores": [
        0.7647058823529411
      ]
    },
    "12": {
      "mean_score": 0.5775401069518716,
      "scores": [
        0.5775401069518716
      ]
    },
    "12-0": {
      "mean_score": 0.5555555555555556,
      "scores": [
        0.5555555555555556
      ]
    },
    "6-1": {
      "mean_score": 0.48128342245989303,
      "scores": [
        0.48128342245989303
      ]
    },
    "11": {
      "mean_score": 0.5079365079365079,
      "scores": [
        0.5079365079365079
      ]
    },
    "8": {
      "mean_score": 0.0,
      "scores": [
        0.0
      ]
    },
    "5": {
      "mean_score": 0.44808743169398907,
      "scores": [
        0.44808743169398907
      ]
    }
  },
  "valid": {
    "11-1": {
      "mean_score": 0.0,
      "scores": [
        0.0,
        0.0,
        0.0,
        0.0,
        0.0
      ]
    },
    "8-1": {
      "mean_score": 0.03468013468013468,
      "scores": [
        0.0,
        0.037037037037037035,
        0.0,
        0.13636363636363635,
        0.0
      ]
    },
    "5-1": {
      "mean_score": 0.6152317997906234,
      "scores": [
        0.8021390374331551,
        0.7777777777777778,
        0.8201058201058201,
        0.6761363636363636,
        0.0
      ]
    },
    "6-1": {
      "mean_score": 0.5614683247036188,
      "scores": [
        0.48128342245989303,
        0.5396825396825397,
        0.6613756613756614,
        0.6704545454545454,
        0.45454545454545453
      ]
    },
    "12-0-0": {
      "mean_score": 0.0,
      "scores": [
        0.0,
        0.0,
        0.0,
        0.0,
        0.0
      ]
    },
    "8-0-0": {
      "mean_score": 0.08384404266757209,
      "scores": [
        0.29411764705882354,
        0.0,
        0.05291005291005291,
        0.045454545454545456,
        0.026737967914438502
      ]
    },
    "6-0-0": {
      "mean_score": 0.0,
      "scores": [
        0.0,
        0.0,
        0.0,
        0.0,
        0.0
      ]
    },
    "13-1": {
      "mean_score": 0.30062423959482787,
      "scores": [
        0.0427807486631016,
        0.3915343915343915,
        0.5978835978835979,
        0.005681818181818182,
        0.46524064171123
      ]
    },
    "12-1": {
      "mean_score": 0.007441360382536853,
      "scores": [
        0.0,
        0.0,
        0.021164021164021163,
        0.0,
        0.016042780748663103
      ]
    },
    "1-1": {
      "mean_score": 0.0,
      "scores": [
        0.0,
        0.0,
        0.0,
        0.0,
        0.0
      ]
    }
  }
}