{
  "train": {
    "5-1-1": {
      "mean_score": 0.91005291005291,
      "scores": [
        0.91005291005291
      ]
    },
    "13": {
      "mean_score": 0.5405405405405406,
      "scores": [
        0.5405405405405406
      ]
    },
    "1": {
      "mean_score": 0.732620320855615,
      "scores": [
        0.732620320855615
      ]
    },
    "8-0": {
      "mean_score": 0.0,
      "scores": [
        0.0
      ]
    },
    "8-2-0": {
      "mean_score": 0.6096256684491979,
      "scores": [
        0.6096256684491979
      ]
    },
    "8-3": {
      "mean_score": 0.732620320855615,
      "scores": [
        0.732620320855615
      ]
    },
    "5-1": {
      "mean_score": 0.0,
      "scores": [
        0.0
      ]
    },
    "12": {
      "mean_score": 0.5828877005347594,
      "scores": [
        0.5828877005347594
      ]
    },
    "12-0": {
      "mean_score": 0.4385026737967914,
      "scores": [
        0.4385026737967914
      ]
    },
    "6-1": {
      "mean_score": 0.6878306878306878,
      "scores": [
        0.6878306878306878
      ]
    }
  },
  "valid": {
    "8-0-2": {
      "mean_score": 0.040381405087287436,
      "scores": [
        0.0374331550802139,
        0.0582010582010582,
        0.06349206349206349,
        0.0,
        0.0427807486631016
      ]
    },
    "12-0-2": {
      "mean_score": 0.0,
      "scores": [
        0.0,
        0.0,
        0.0,
        0.0,
        0.0
      ]
    },
    "5-1-1": {
      "mean_score": 0.7758159324335795,
      "scores": [
        0.7219251336898396,
        0.8306878306878307,
        0.7566137566137566,
        0.8693181818181818,
        0.7005347593582888
      ]
    },
    "11-3": {
      "mean_score": 0.0,
      "scores": [
        0.0,
        0.0,
        0.0,
        0.0,
        0.0
      ]
    },
    "1-3": {
      "mean_score": 0.0,
      "scores": [
        0.0,
        0.0,
        0.0,
        0.0,
        0.0
      ]
    },
    "13-3": {
      "mean_score": 0.0,
      "scores": [
        0.0,
        0.0,
        0.0,
        0.0,
        0.0
      ]
    },
    "12-3": {
      "mean_score": 0.524609187109187,
      "scores": [
        0.5026737967914439,
        0.4444444444444444,
        0.582010582010582,
        0.5965909090909091,
        0.49732620320855614
      ]
    },
    "6-1-1": {
      "mean_score": 0.0,
      "scores": [
        0.0,
        0.0,
        0.0,
        0.0,
        0.0
      ]
    },
    "8-2-0": {
      "mean_score": 0.6360198624904507,
      "scores": [
        0.6631016042780749,
        0.6084656084656085,
        0.6772486772486772,
        0.6590909090909091,
        0.5721925133689839
      ]
    },
    "8-3": {
      "mean_score": 0.6270955351837705,
      "scores": [
        0.5614973262032086,
        0.6402116402116402,
        0.6613756613756614,
        0.6306818181818182,
        0.6417112299465241
      ]
    }
  }
}