{
  "train": {
    "5-1-2-0": {
      "mean_score": 0.7277486910994765,
      "scores": [
        0.7277486910994765
      ]
    },
    "1-6": {
      "mean_score": 0.8128342245989305,
      "scores": [
        0.8128342245989305
      ]
    },
    "5-1-1": {
      "mean_score": 0.7058823529411765,
      "scores": [
        0.7058823529411765
      ]
    },
    "5-1-2-1": {
      "mean_score": 0.6972972972972973,
      "scores": [
        0.6972972972972973
      ]
    },
    "5-1-1-0": {
      "mean_score": 0.8743169398907104,
      "scores": [
        0.8743169398907104
      ]
    },
    "5-1-2": {
      "mean_score": 0.7248677248677249,
      "scores": [
        0.7248677248677249
      ]
    },
    "5-1-2-0-0": {
      "mean_score": 0.5555555555555556,
      "scores": [
        0.5555555555555556
      ]
    },
    "13": {
      "mean_score": 0.8315789473684211,
      "scores": [
        0.8315789473684211
      ]
    },
    "12-0-3-1": {
      "mean_score": 0.6951871657754011,
      "scores": [
        0.6951871657754011
      ]
    },
    "1": {
      "mean_score": 0.6174863387978142,
      "scores": [
        0.6174863387978142
      ]
    }
  },
  "valid": {
    "8-2-0-2": {
      "mean_score": 0.6180272614096143,
      "scores": [
        0.5828877005347594,
        0.6349206349206349,
        0.656084656084656,
        0.6761363636363636,
        0.5401069518716578
      ]
    },
    "8-0-5": {
      "mean_score": 0.0,
      "scores": [
        0.0,
        0.0,
        0.0,
        0.0,
        0.0
      ]
    },
    "5-1-2-0-0": {
      "mean_score": 0.7484908609908609,
      "scores": [
        0.7647058823529411,
        0.8042328042328042,
        0.6825396825396826,
        0.8011363636363636,
        0.6898395721925134
      ]
    },
    "1-6": {
      "mean_score": 0.7839020456667515,
      "scores": [
        0.7700534759358288,
        0.8201058201058201,
        0.8306878306878307,
        0.75,
        0.7486631016042781
      ]
    },
    "5-1-2-1": {
      "mean_score": 0.7719060351413292,
      "scores": [
        0.732620320855615,
        0.8518518518518519,
        0.7195767195767195,
        0.8068181818181818,
        0.7486631016042781
      ]
    },
    "13-6": {
      "mean_score": 0.4945201312848372,
      "scores": [
        0.5561497326203209,
        0.0,
        0.6243386243386243,
        0.6931818181818182,
        0.5989304812834224
      ]
    },
    "12-0-3-1": {
      "mean_score": 0.6887346857935093,
      "scores": [
        0.732620320855615,
        0.656084656084656,
        0.7354497354497355,
        0.7045454545454546,
        0.6149732620320856
      ]
    },
    "5-1-1-0-1": {
      "mean_score": 0.0,
      "scores": [
        0.0,
        0.0,
        0.0,
        0.0,
        0.0
      ]
    },
    "13-4-1": {
      "mean_score": 0.0,
      "scores": [
        0.0,
        0.0,
        0.0,
        0.0,
        0.0
      ]
    },
    "5-1-1-2": {
      "mean_score": 0.629814248931896,
      "scores": [
        0.7593582887700535,
        0.8412698412698413,
        0.783068783068783,
        0.10227272727272728,
        0.6631016042780749
      ]
    }
  }
}