{
  "train": {
    "5-1-1": {
      "mean_score": 0.7037037037037037,
      "scores": [
        0.7037037037037037
      ]
    },
    "5-1-1-0": {
      "mean_score": 0.7914438502673797,
      "scores": [
        0.7914438502673797
      ]
    },
    "5-1-2": {
      "mean_score": 0.6844919786096256,
      "scores": [
        0.6844919786096256
      ]
    },
    "13": {
      "mean_score": 0.7005347593582888,
      "scores": [
        0.7005347593582888
      ]
    },
    "1": {
      "mean_score": 0.798941798941799,
      "scores": [
        0.798941798941799
      ]
    },
    "12-0-3": {
      "mean_score": 0.7213114754098361,
      "scores": [
        0.7213114754098361
      ]
    },
    "13-4": {
      "mean_score": 0.5978835978835979,
      "scores": [
        0.5978835978835979
      ]
    },
    "8-0": {
      "mean_score": 0.0,
      "scores": [
        0.0
      ]
    },
    "8-2-0": {
      "mean_score": 0.7540106951871658,
      "scores": [
        0.7540106951871658
      ]
    },
    "8-3": {
      "mean_score": 0.5245901639344263,
      "scores": [
        0.5245901639344263
      ]
    }
  },
  "valid": {
    "5-1-1-0": {
      "mean_score": 0.7714154853860736,
      "scores": [
        0.7112299465240641,
        0.7566137566137566,
        0.8253968253968254,
        0.8579545454545454,
        0.7058823529411765
      ]
    },
    "1-4": {
      "mean_score": 0.0,
      "scores": [
        0.0,
        0.0,
        0.0,
        0.0,
        0.0
      ]
    },
    "12-0-3": {
      "mean_score": 0.6716234473587415,
      "scores": [
        0.6256684491978609,
        0.671957671957672,
        0.6878306878306878,
        0.6988636363636364,
        0.6737967914438503
      ]
    },
    "8-0-3": {
      "mean_score": 0.0,
      "scores": [
        0.0,
        0.0,
        0.0,
        0.0,
        0.0
      ]
    },
    "12-4": {
      "mean_score": 0.5385437003084063,
      "scores": [
        0.5240641711229946,
        0.5185185185185185,
        0.5873015873015873,
        0.6136363636363636,
        0.44919786096256686
      ]
    },
    "13-4": {
      "mean_score": 0.6609530175706647,
      "scores": [
        0.6737967914438503,
        0.671957671957672,
        0.6137566137566137,
        0.7784090909090909,
        0.5668449197860963
      ]
    },
    "5-1-2": {
      "mean_score": 0.7654549698667344,
      "scores": [
        0.786096256684492,
        0.7407407407407407,
        0.8465608465608465,
        0.7159090909090909,
        0.7379679144385026
      ]
    },
    "6-1-2": {
      "mean_score": 0.0,
      "scores": [
        0.0,
        0.0,
        0.0,
        0.0,
        0.0
      ]
    },
    "8-3-0": {
      "mean_score": 0.0,
      "scores": [
        0.0,
        0.0,
        0.0,
        0.0,
        0.0
      ]
    },
    "8-2-0-0": {
      "mean_score": 0.02250304162068868,
      "scores": [
        0.058823529411764705,
        0.037037037037037035,
        0.005291005291005291,
        0.011363636363636364,
        0.0
      ]
    }
  }
}