{
  "train": {
    "13": {
      "mean_score": 0.8359788359788359,
      "scores": [
        0.8359788359788359
      ]
    },
    "1": {
      "mean_score": 0.8473684210526315,
      "scores": [
        0.8473684210526315
      ]
    },
    "8-0": {
      "mean_score": 0.0,
      "scores": [
        0.0
      ]
    },
    "5-1": {
      "mean_score": 0.7814207650273224,
      "scores": [
        0.7814207650273224
      ]
    },
    "12": {
      "mean_score": 0.5026455026455027,
      "scores": [
        0.5026455026455027
      ]
    },
    "12-0": {
      "mean_score": 0.4919786096256685,
      "scores": [
        0.4919786096256685
      ]
    },
    "6-1": {
      "mean_score": 0.49732620320855614,
      "scores": [
        0.49732620320855614
      ]
    },
    "11": {
      "mean_score": 0.4540540540540541,
      "scores": [
        0.4540540540540541
      ]
    },
    "8": {
      "mean_score": 0.5957446808510638,
      "scores": [
        0.5957446808510638
      ]
    },
    "8-2": {
      "mean_score": 0.5668449197860963,
      "scores": [
        0.5668449197860963
      ]
    }
  },
  "valid": {
    "8-2": {
      "mean_score": 0.5395032255326373,
      "scores": [
        0.5187165775401069,
        0.41798941798941797,
        0.6455026455026455,
        0.6875,
        0.42780748663101603
      ]
    },
    "8-0-1": {
      "mean_score": 0.0,
      "scores": [
        0.0,
        0.0,
        0.0,
        0.0,
        0.0
      ]
    },
    "11-2": {
      "mean_score": 0.0021390374331550803,
      "scores": [
        0.0106951871657754,
        0.0,
        0.0,
        0.0,
        0.0
      ]
    },
    "12-0-1": {
      "mean_score": 0.10053475935828877,
      "scores": [
        0.5026737967914439,
        0.0,
        0.0,
        0.0,
        0.0
      ]
    },
    "5-2": {
      "mean_score": 0.0,
      "scores": [
        0.0,
        0.0,
        0.0,
        0.0,
        0.0
      ]
    },
    "1-2": {
      "mean_score": 0.0,
      "scores": [
        0.0,
        0.0,
        0.0,
        0.0,
        0.0
      ]
    },
    "5-1-0": {
      "mean_score": 0.0,
      "scores": [
        0.0,
        0.0,
        0.0,
        0.0,
        0.0
      ]
    },
    "13-2": {
      "mean_score": 0.0,
      "scores": [
        0.0,
        0.0,
        0.0,
        0.0,
        0.0
      ]
    },
    "12-2": {
      "mean_score": 0.49349234643352285,
      "scores": [
        0.5026737967914439,
        0.5291005291005291,
        0.5132275132275133,
        0.5,
        0.42245989304812837
      ]
    },
    "6-1-0": {
      "mean_score": 0.0,
      "scores": [
        0.0,
        0.0,
        0.0,
        0.0,
        0.0
      ]
    }
  }
}