{
  "train": {
    "13": {
      "mean_score": 0.656084656084656,
      "scores": [
        0.656084656084656
      ]
    },
    "1": {
      "mean_score": 0.6424581005586593,
      "scores": [
        0.6424581005586593
      ]
    },
    "12": {
      "mean_score": 0.5459459459459459,
      "scores": [
        0.5459459459459459
      ]
    },
    "11": {
      "mean_score": 0.582010582010582,
      "scores": [
        0.582010582010582
      ]
    },
    "8": {
      "mean_score": 0.4973544973544973,
      "scores": [
        0.4973544973544973
      ]
    },
    "5": {
      "mean_score": 0.5989304812834224,
      "scores": [
        0.5989304812834224
      ]
    },
    "6": {
      "mean_score": 0.6421052631578947,
      "scores": [
        0.6421052631578947
      ]
    },
    "10": {
      "mean_score": 0.48663101604278075,
      "scores": [
        0.48663101604278075
      ]
    },
    "4": {
      "mean_score": 0.3582887700534759,
      "scores": [
        0.3582887700534759
      ]
    },
    "0": {
      "mean_score": 0.005291005291005291,
      "scores": [
        0.005291005291005291
      ]
    }
  },
  "valid": {
    "4": {
      "mean_score": 0.3646340859576153,
      "scores": [
        0.46524064171123,
        0.42857142857142855,
        0.3862433862433862,
        0.5056818181818182,
        0.0374331550802139
      ]
    },
    "7": {
      "mean_score": 0.12497205953088306,
      "scores": [
        0.10695187165775401,
        0.026455026455026454,
        0.14285714285714285,
        0.2897727272727273,
        0.058823529411764705
      ]
    },
    "15": {
      "mean_score": 0.0067400192400192405,
      "scores": [
        0.0,
        0.005291005291005291,
        0.0,
        0.028409090909090908,
        0.0
      ]
    },
    "12": {
      "mean_score": 0.5852198455139631,
      "scores": [
        0.5614973262032086,
        0.5396825396825397,
        0.6825396825396826,
        0.6022727272727273,
        0.5401069518716578
      ]
    },
    "9": {
      "mean_score": 0.0,
      "scores": [
        0.0,
        0.0,
        0.0,
        0.0,
        0.0
      ]
    },
    "14": {
      "mean_score": 0.0,
      "scores": [
        0.0,
        0.0,
        0.0,
        0.0,
        0.0
      ]
    },
    "5": {
      "mean_score": 0.5140445066915655,
      "scores": [
        0.45989304812834225,
        0.455026455026455,
        0.6666666666666666,
        0.5340909090909091,
        0.45454545454545453
      ]
    },
    "11": {
      "mean_score": 0.546178521913816,
      "scores": [
        0.48663101604278075,
        0.4126984126984127,
        0.5925925925925926,
        0.6079545454545454,
        0.6310160427807486
      ]
    },
    "8": {
      "mean_score": 0.541374883286648,
      "scores": [
        0.5347593582887701,
        0.4497354497354497,
        0.6137566137566137,
        0.5738636363636364,
        0.5347593582887701
      ]
    },
    "0": {
      "mean_score": 0.17910618792971733,
      "scores": [
        0.49732620320855614,
        0.042328042328042326,
        0.10052910052910052,
        0.25,
        0.0053475935828877
      ]
    },
    "16": {
      "mean_score": 0.0,
      "scores": [
        0.0,
        0.0,
        0.0,
        0.0,
        0.0
      ]
    },
    "13": {
      "mean_score": 0.7214084118495883,
      "scores": [
        0.6577540106951871,
        0.746031746031746,
        0.7142857142857143,
        0.8579545454545454,
        0.6310160427807486
      ]
    },
    "2": {
      "mean_score": 0.0,
      "scores": [
        0.0,
        0.0,
        0.0,
        0.0,
        0.0
      ]
    },
    "19": {
      "mean_score": 0.09518681209857681,
      "scores": [
        0.06417112299465241,
        0.31746031746031744,
        0.026455026455026454,
        0.0625,
        0.0053475935828877
      ]
    },
    "10": {
      "mean_score": 0.48677708457120217,
      "scores": [
        0.5614973262032086,
        0.43386243386243384,
        0.5291005291005291,
        0.4602272727272727,
        0.44919786096256686
      ]
    },
    "1": {
      "mean_score": 0.6727792632204397,
      "scores": [
        0.7219251336898396,
        0.7513227513227513,
        0.6931216931216931,
        0.6306818181818182,
        0.5668449197860963
      ]
    },
    "6": {
      "mean_score": 0.5123539314715785,
      "scores": [
        0.47593582887700536,
        0.5079365079365079,
        0.5291005291005291,
        0.5568181818181818,
        0.4919786096256685
      ]
    },
    "17": {
      "mean_score": 0.04470475058710353,
      "scores": [
        0.026737967914438502,
        0.026455026455026454,
        0.07407407407407407,
        0.09090909090909091,
        0.0053475935828877
      ]
    },
    "18": {
      "mean_score": 0.11734360410830998,
      "scores": [
        0.4117647058823529,
        0.026455026455026454,
        0.05291005291005291,
        0.07954545454545454,
        0.016042780748663103
      ]
    },
    "3": {
      "mean_score": 0.0,
      "scores": [
        0.0,
        0.0,
        0.0,
        0.0,
        0.0
      ]
    }
  }
}