{
  "mean_score": 0.2685313885313885,
  "std_score": 0.18849321664467267,
  "scores": [
    0.0,
    0.5459459459459459,
    0.24338624338624337,
    0.15873015873015872,
    0.3945945945945946
  ]
}