{
  "mean_score": 0.6,
  "std_score": 0.48989794855663565,
  "scores": [
    1.0,
    1.0,
    0.0,
    0.0,
    1.0
  ],
  "execution_times": [
    428.9578652381897,
    311.3978238105774,
    600.6928424835205,
    600.6071813106537,
    391.82780361175537
  ]
}