{
  "mean_score": 0.33223509223509223,
  "std_score": 0.3565129383747156,
  "scores": [
    0.0,
    0.7405405405405405,
    0.7883597883597884,
    0.13227513227513227,
    0.0
  ],
  "execution_times": [
    113.42755365371704,
    442.58788537979126,
    223.11608815193176,
    41.548900842666626,
    37.28203201293945
  ]
}