{
  "mean_score": 0.07395395395395396,
  "std_score": 0.06268931963366059,
  "scores": [
    0.010810810810810811,
    0.15135135135135136,
    0.14285714285714285,
    0.005291005291005291,
    0.05945945945945946
  ],
  "execution_times": [
    97.3081705570221,
    182.69097471237183,
    88.69401812553406,
    346.0772864818573,
    64.31375455856323
  ]
}