{
  "mean_score": 0.44139568139568136,
  "std_score": 0.326913332986408,
  "scores": [
    0.10270270270270271,
    0.6108108108108108,
    0.0,
    0.6772486772486772,
    0.8162162162162162
  ],
  "execution_times": [
    65.7890100479126,
    150.9330563545227,
    56.55372929573059,
    110.42648458480835,
    149.80194854736328
  ]
}