{
  "mean_score": 0.40073788073788064,
  "std_score": 0.30618736178300515,
  "scores": [
    0.8216216216216217,
    0.0,
    0.4973544973544973,
    0.582010582010582,
    0.10270270270270271
  ],
  "execution_times": [
    53.388556718826294,
    48.633381366729736,
    170.42600178718567,
    21.41136860847473,
    63.99626350402832
  ]
}