{
  "mean_score": 0.713107393107393,
  "std_score": 0.14049215707380347,
  "scores": [
    0.7135135135135136,
    0.9405405405405406,
    0.7777777777777778,
    0.5661375661375662,
    0.5675675675675675
  ],
  "execution_times": [
    232.92620301246643,
    275.84529757499695,
    761.6566853523254,
    72.30911803245544,
    182.69497919082642
  ]
}