{
  "mean_score": 0.5366051766051766,
  "std_score": 0.1683414433232564,
  "scores": [
    0.3675675675675676,
    0.8324324324324325,
    0.38095238095238093,
    0.5291005291005291,
    0.572972972972973
  ]
}