{
  "train": {
    "11": {
      "mean_score": 1.0,
      "scores": [
        1.0
      ]
    }
  },
  "valid": {
    "4": {
      "mean_score": 0.058102707266793965,
      "scores": [
        0.0,
        0.0748663101604278,
        0.0972972972972973,
        0.021052631578947368,
        0.0972972972972973
      ]
    },
    "7": {
      "mean_score": 0.7812662310495128,
      "scores": [
        0.7081081081081081,
        0.7433155080213903,
        0.8216216216216217,
        0.7684210526315789,
        0.8648648648648649
      ]
    },
    "15": {
      "mean_score": 0.866781783190452,
      "scores": [
        0.8324324324324325,
        0.8502673796791443,
        0.8918918918918919,
        0.9052631578947369,
        0.8540540540540541
      ]
    },
    "12": {
      "mean_score": 0.0,
      "scores": [
        0.0,
        0.0,
        0.0,
        0.0,
        0.0
      ]
    },
    "9": {
      "mean_score": 0.9268724564699797,
      "scores": [
        0.9297297297297298,
        0.8609625668449198,
        0.8864864864864865,
        0.9842105263157894,
        0.972972972972973
      ]
    },
    "14": {
      "mean_score": 0.17297297297297298,
      "scores": [
        0.0,
        0.0,
        0.8648648648648649,
        0.0,
        0.0
      ]
    },
    "5": {
      "mean_score": 0.0,
      "scores": [
        0.0,
        0.0,
        0.0,
        0.0,
        0.0
      ]
    },
    "11": {
      "mean_score": 1.0,
      "scores": [
        1.0,
        1.0,
        1.0,
        1.0,
        1.0
      ]
    },
    "8": {
      "mean_score": 0.10939000920425071,
      "scores": [
        0.10270270270270271,
        0.11764705882352941,
        0.08648648648648649,
        0.11578947368421053,
        0.12432432432432433
      ]
    },
    "0": {
      "mean_score": 0.9366297228835929,
      "scores": [
        0.9405405405405406,
        0.8877005347593583,
        0.9351351351351351,
        0.968421052631579,
        0.9513513513513514
      ]
    },
    "16": {
      "mean_score": 0.3253822806763983,
      "scores": [
        0.0,
        0.0106951871657754,
        0.7513513513513513,
        0.0,
        0.8648648648648649
      ]
    },
    "13": {
      "mean_score": 0.8916572976015701,
      "scores": [
        0.9405405405405406,
        0.8716577540106952,
        0.8918918918918919,
        0.8947368421052632,
        0.8594594594594595
      ]
    },
    "2": {
      "mean_score": 0.16637268847795164,
      "scores": [
        0.0,
        0.0,
        0.0,
        0.8210526315789474,
        0.010810810810810811
      ]
    },
    "19": {
      "mean_score": 0.02161005925711808,
      "scores": [
        0.005405405405405406,
        0.0053475935828877,
        0.0972972972972973,
        0.0,
        0.0
      ]
    },
    "10": {
      "mean_score": 0.8494143510242582,
      "scores": [
        0.7621621621621621,
        0.7379679144385026,
        0.8216216216216217,
        0.9631578947368421,
        0.9621621621621622
      ]
    },
    "1": {
      "mean_score": 0.8839359201588304,
      "scores": [
        0.827027027027027,
        0.8770053475935828,
        0.9027027027027027,
        0.9210526315789473,
        0.8918918918918919
      ]
    },
    "6": {
      "mean_score": 0.8807264511908475,
      "scores": [
        0.8756756756756757,
        0.8877005347593583,
        0.8594594594594595,
        0.9105263157894737,
        0.8702702702702703
      ]
    },
    "17": {
      "mean_score": 0.0,
      "scores": [
        0.0,
        0.0,
        0.0,
        0.0,
        0.0
      ]
    },
    "18": {
      "mean_score": 0.6341394025604552,
      "scores": [
        0.6864864864864865,
        0.0,
        0.8324324324324325,
        0.8842105263157894,
        0.7675675675675676
      ]
    },
    "3": {
      "mean_score": 0.9033625181612799,
      "scores": [
        0.9351351351351351,
        0.839572192513369,
        0.9027027027027027,
        0.9421052631578948,
        0.8972972972972973
      ]
    }
  }
}